Wed Feb  3 23:18:16 CET 2016

Sat Feb 13 12:32:59 CET 2016


Sat Feb 13 12:34:27 CET 2016


Sat Feb 13 12:35:43 CET 2016


Sat Feb 13 12:36:58 CET 2016


Mon Feb 15 19:30:31 CET 2016


Mon Feb 15 20:44:34 CET 2016


Mon Feb 15 20:45:42 CET 2016


Mon Feb 15 21:13:35 CET 2016


Sat Feb 20 08:23:38 CET 2016


Mon Mar  7 20:24:09 CET 2016


Mon Feb 22 18:35:07 CET 2016


Mon Feb 22 18:44:00 CET 2016


2016. jún. 22., szerda, 17:58:49 CEST


2016. szept. 16., péntek, 18:07:09 CEST


Sat Sep 17 12:33:06 CEST 2016

